{
  "meat_type": {
    "precision": 1.0,
    "recall": 1.0,
    "f1-score": 1.0,
    "support": 38,
    "confused_with": {}
  },
  "consequence_category": {
    "precision": 0.875,
    "recall": 0.5,
    "f1-score": 0.6363636363636364,
    "support": 14,
    "confused_with": {
      "topic": 3
    }
  },
  "greenhouse_gas": {
    "precision": 0.95,
    "recall": 1.0,
    "f1-score": 0.9743589743589743,
    "support": 19,
    "confused_with": {}
  },
  "influence_type_on_climate": {
    "precision": 0.9230769230769231,
    "recall": 0.7058823529411765,
    "f1-score": 0.8000000000000002,
    "support": 17,
    "confused_with": {}
  },
  "topic": {
    "precision": 0.5833333333333334,
    "recall": 0.4375,
    "f1-score": 0.5,
    "support": 16,
    "confused_with": {
      "consequence_category": 1
    }
  },
  "micro avg": {
    "precision": 0.9120879120879121,
    "recall": 0.7980769230769231,
    "f1-score": 0.8512820512820513,
    "support": 104
  },
  "macro avg": {
    "precision": 0.8662820512820513,
    "recall": 0.7286764705882354,
    "f1-score": 0.7821445221445222,
    "support": 104
  },
  "weighted avg": {
    "precision": 0.8973619329388559,
    "recall": 0.7980769230769231,
    "f1-score": 0.8367491482876098,
    "support": 104
  },
  "accuracy": 0.9910514541387024
}